Count_Cytoplasm,FileName_Cell,FileName_Green,FileName_Nuclei,FileName_Red,Group_Index,Group_Number,ImageNumber,Math_CellConfluency,Mean_Cytoplasm_Math_RedGreenRatio,Median_Cytoplasm_Math_RedGreenRatio,Metadata_ExperimentName,Metadata_Well,StDev_Cytoplasm_Math_RedGreenRatio
2163,,,,,1,1,1,0.791036129,0.901560897,0.952301722,,A01,0.561795594
1665,,,,,2,1,2,0.580962896,1.101061801,1.150779293,,A02,0.692148256
2177,,,,,3,1,3,0.764639616,0.97354074,0.982276807,,A03,0.719091977
2206,,,,,4,1,4,0.788091421,0.92067985,0.863231984,,A04,0.712652438
2365,,,,,5,1,5,0.803314924,1.03910619,1.06816508,,A05,0.749087306
2165,,,,,6,1,6,0.766867638,0.960799425,0.917565157,,A06,0.729099328
2390,,,,,7,1,7,0.815366268,0.932693455,0.824233721,,A07,0.732751906
2268,,,,,8,1,8,0.798411131,0.916483395,0.802415221,,A08,0.723725245
2397,,,,,9,1,9,0.805557489,0.822068771,0.646441069,,A09,0.683240271
2457,,,,,10,1,10,0.828166246,0.941490945,0.89321354,,A10,0.712283987
2538,,,,,11,1,11,0.877001286,1.04071984,1.023005918,,A11,0.740551872
2313,,,,,12,1,12,0.842716217,0.856705982,0.752495017,,A12,0.66678964
2594,,,,,13,1,13,0.804521084,0.928794376,0.843204896,,A13,0.70708705
2451,,,,,14,1,14,0.811484337,0.839492966,0.741396883,,A14,0.657142456
2356,,,,,15,1,15,0.822464705,0.891049371,0.808078408,,A15,0.676222476
2418,,,,,16,1,16,0.819236994,0.757421033,0.613565569,,A16,0.61068438
2251,,,,,17,1,17,0.760615349,0.838917277,0.74994737,,A17,0.644736021
2267,,,,,18,1,18,0.762503862,0.778144411,0.650062099,,A18,0.633041094
2318,,,,,19,1,19,0.815634489,0.750527762,0.617108454,,A19,0.605260588
2191,,,,,20,1,20,0.771539211,0.751700687,0.614961787,,A20,0.603074717
2300,,,,,21,1,21,0.796040535,0.74220258,0.618545259,,A21,0.60534678
2372,,,,,22,1,22,0.828823566,0.748359405,0.627535493,,A22,0.619898024
2219,,,,,23,1,23,0.7690835,0.722446935,0.609871361,,A23,0.588417699
2448,,,,,24,1,24,0.819402456,0.654141259,0.480428729,,A24,0.565671833
2127,,,,,25,1,25,0.743793011,0.612822608,0.589997224,,B01,0.420784922
1981,,,,,26,1,26,0.707237244,1.005226458,1.043038668,,B02,0.750890664
2295,,,,,27,1,27,0.802292109,0.914337108,0.872475965,,B03,0.71300463
2254,,,,,28,1,28,0.803170919,1.04432973,1.070432575,,B04,0.763435248
2161,,,,,29,1,29,0.765527248,0.946754372,0.868563748,,B05,0.727779155
2303,,,,,30,1,30,0.808427095,1.019327242,0.974561836,,B06,0.734721359
2138,,,,,31,1,31,0.775145531,0.682988539,0.653623487,,B07,0.473379318
2076,,,,,32,1,32,0.762315273,0.752263017,0.646324066,,B08,0.577444222
2051,,,,,33,1,33,0.789235592,0.588129303,0.532561074,,B09,0.411525223
2354,,,,,34,1,34,0.813020468,0.897444767,0.770452953,,B10,0.715753876
1767,,,,,35,1,35,0.601970196,0.443999568,0.395265908,,B11,0.281078
2446,,,,,36,1,36,0.786869049,0.910875984,0.807156899,,B12,0.727409297
2272,,,,,37,1,37,0.798280954,0.856378119,0.732633793,,B13,0.664853594
2386,,,,,38,1,38,0.838426828,0.844164782,0.705263871,,B14,0.673279415
2423,,,,,39,1,39,0.792980671,0.742661214,0.625463875,,B15,0.573538889
2246,,,,,40,1,40,0.795487165,0.77462629,0.65342339,,B16,0.634324058
2329,,,,,41,1,41,0.834642172,0.816727115,0.72798085,,B17,0.633740662
2180,,,,,42,1,42,0.742486238,0.879388128,0.763730279,,B18,0.674456303
2503,,,,,43,1,43,0.775404692,0.812577821,0.661586316,,B19,0.660239323
2229,,,,,44,1,44,0.778043032,0.800122251,0.676245741,,B20,0.615216341
2226,,,,,45,1,45,0.743500948,0.779352714,0.657463393,,B21,0.622380022
2340,,,,,46,1,46,0.800689459,0.66057837,0.566923775,,B22,0.503780724
2271,,,,,47,1,47,0.774699211,0.779600532,0.638821147,,B23,0.635012048
2404,,,,,48,1,48,0.815175295,0.7452426,0.595002311,,B24,0.61909714
1923,,,,,49,1,49,0.66835928,0.704645405,0.672793287,,C01,0.482047137
1832,,,,,50,1,50,0.627620459,0.976529695,0.995020335,,C02,0.696659252
2155,,,,,51,1,51,0.760073662,1.078920757,1.145612266,,C03,0.785367779
2156,,,,,52,1,52,0.744338036,1.12269839,1.156793253,,C04,0.797512101
2351,,,,,53,1,53,0.787652969,1.067746863,1.096605804,,C05,0.776494234
2306,,,,,54,1,54,0.816527843,1.019827698,0.94965099,,C06,0.770359482
2270,,,,,55,1,55,0.80652523,1.005725517,0.9497534,,C07,0.745725209
2146,,,,,56,1,56,0.756038189,0.94445453,0.843592959,,C08,0.735591757
2149,,,,,57,1,57,0.727588654,0.903635655,0.774645099,,C09,0.749090216
2114,,,,,58,1,58,0.772400856,0.914179523,0.871770011,,C10,0.654796036
2316,,,,,59,1,59,0.748684406,0.917231851,0.806307018,,C11,0.729583965
2325,,,,,60,1,60,0.776417971,0.936948884,0.894797038,,C12,0.702913387
2238,,,,,61,1,61,0.751524925,0.921060274,0.842501991,,C13,0.699313974
2261,,,,,62,1,62,0.757739782,0.833424395,0.662931666,,C14,0.684931526
2398,,,,,63,1,63,0.776316166,0.904085434,0.747937748,,C15,0.731884405
2013,,,,,64,1,64,0.739551306,0.616865326,0.485302171,,C16,0.479879106
1969,,,,,65,1,65,0.674828529,0.604256151,0.54123634,,C17,0.445780748
2182,,,,,66,1,66,0.762085438,0.791511963,0.661731857,,C18,0.640501493
2446,,,,,67,1,67,0.833937645,0.865726552,0.732458391,,C19,0.690600838
2266,,,,,68,1,68,0.783838511,0.95931623,0.886101241,,C20,0.716509891
2364,,,,,69,1,69,0.818656206,0.824450438,0.663379732,,C21,0.685219795
2310,,,,,70,1,70,0.77868104,0.82464521,0.64618323,,C22,0.675890143
2415,,,,,71,1,71,0.804970741,0.828907215,0.704025177,,C23,0.653119146
2322,,,,,72,1,72,0.773336411,0.757672291,0.616493043,,C24,0.610314139
1977,,,,,73,1,73,0.703446627,1.177399374,1.260062398,,D01,0.780751946
1686,,,,,74,1,74,0.585353136,1.239020108,1.337171787,,D02,0.803249855
2178,,,,,75,1,75,0.750239134,0.948392466,0.817589314,,D03,0.75682049
2157,,,,,76,1,76,0.785443306,1.12057656,1.234276035,,D04,0.773175357
2183,,,,,77,1,77,0.744278669,1.046425745,1.061690342,,D05,0.780952783
1993,,,,,78,1,78,0.707246542,0.821169489,0.760405873,,D06,0.612648782
2096,,,,,79,1,79,0.760430574,0.892907726,0.796605647,,D07,0.677207952
2254,,,,,80,1,80,0.743629932,0.919987488,0.76278282,,D08,0.728214741
2156,,,,,81,1,81,0.737555265,0.946004174,0.830243857,,D09,0.730811498
2132,,,,,82,1,82,0.699993849,0.843090552,0.694227832,,D10,0.706143634
2170,,,,,83,1,83,0.728520155,0.784697011,0.628363608,,D11,0.657320856
2348,,,,,84,1,84,0.756527424,0.84423957,0.657410282,,D12,0.707742267
2085,,,,,85,1,85,0.707082033,0.845117199,0.716985415,,D13,0.66174149
2303,,,,,86,1,86,0.751317024,0.820617874,0.639473332,,D14,0.68950779
2208,,,,,87,1,87,0.720508814,0.765899443,0.550724562,,D15,0.672805652
2363,,,,,88,1,88,0.750857115,0.792743367,0.616555884,,D16,0.673798153
1998,,,,,89,1,89,0.67250061,0.842187563,0.743664594,,D17,0.64466793
2237,,,,,90,1,90,0.787356615,0.80864325,0.666332355,,D18,0.653977868
2314,,,,,91,1,91,0.80107832,0.825888103,0.714296818,,D19,0.67170107
2240,,,,,92,1,92,0.74537468,0.887939668,0.823815761,,D20,0.685416127
2194,,,,,93,1,93,0.688831806,0.616507485,0.516452127,,D21,0.460200951
2310,,,,,94,1,94,0.791491985,0.871450378,0.759404709,,D22,0.707804188
2083,,,,,95,1,95,0.726559162,0.726963091,0.615932817,,D23,0.588941715
2274,,,,,96,1,96,0.770326376,0.718101891,0.549431152,,D24,0.619827137
1865,,,,,97,1,97,0.658667326,0.629975383,0.574436036,,E01,0.432574383
1507,,,,,98,1,98,0.548450708,1.048102141,1.052729141,,E02,0.701044223
1912,,,,,99,1,99,0.649580002,0.921719808,0.859777486,,E03,0.703140939
2023,,,,,100,1,100,0.676620483,0.868066602,0.730522602,,E04,0.700719615
1847,,,,,101,1,101,0.702035189,0.617593579,0.580529571,,E05,0.40512374
2281,,,,,102,1,102,0.752835035,0.894089682,0.750985332,,E06,0.728173565
2168,,,,,103,1,103,0.76927042,0.887541531,0.760139066,,E07,0.698710625
2030,,,,,104,1,104,0.712273121,0.851402997,0.720612917,,E08,0.668848263
2295,,,,,105,1,105,0.786472797,0.908049298,0.796503945,,E09,0.698797678
2170,,,,,106,1,106,0.750516176,0.90259465,0.775613472,,E10,0.686055637
2430,,,,,107,1,107,0.781647444,0.754097344,0.633048789,,E11,0.614431978
2473,,,,,108,1,108,0.75568223,0.836444089,0.65339268,,E12,0.706477106
2276,,,,,109,1,109,0.762602568,0.735269417,0.591655668,,E13,0.605221568
2192,,,,,110,1,110,0.725561857,0.84303169,0.725930361,,E14,0.653034544
2043,,,,,111,1,111,0.685657024,0.785193421,0.632755664,,E15,0.62042806
2282,,,,,112,1,112,0.732764006,0.78877434,0.627053266,,E16,0.660245882
2308,,,,,113,1,113,0.760848761,0.780324468,0.648671527,,E17,0.616715921
2352,,,,,114,1,114,0.762248755,0.826389325,0.684004747,,E18,0.661652768
1968,,,,,115,1,115,0.680278778,0.808323327,0.690961352,,E19,0.632759709
2433,,,,,116,1,116,0.82368803,0.820543422,0.67568964,,E20,0.645054279
2286,,,,,117,1,117,0.749450445,0.740928867,0.562298516,,E21,0.641686744
2228,,,,,118,1,118,0.745844603,0.774587673,0.613976261,,E22,0.629024583
2312,,,,,119,1,119,0.781813383,0.720102724,0.609969945,,E23,0.558064329
2255,,,,,120,1,120,0.773750782,0.747945995,0.640285301,,E24,0.589726227
1941,,,,,121,1,121,0.740753174,0.688798841,0.6480302,,F01,0.483343019
1870,,,,,122,1,122,0.6676507,1.081983213,1.170124612,,F02,0.731139347
2027,,,,,123,1,123,0.726276875,1.165751646,1.257760377,,F03,0.769335816
2138,,,,,124,1,124,0.732856989,1.003009262,0.914763125,,F04,0.768392659
2276,,,,,125,1,125,0.788747549,1.041891207,1.014740494,,F05,0.776133372
2113,,,,,126,1,126,0.715892792,0.983222035,0.945022576,,F06,0.749108441
2246,,,,,127,1,127,0.761263371,0.896612126,0.762161328,,F07,0.710940126
2416,,,,,128,1,128,0.821583748,1.040823984,0.96971187,,F08,0.753335915
2245,,,,,129,1,129,0.743710279,0.972434333,0.91518284,,F09,0.734400464
2165,,,,,130,1,130,0.747450829,0.890701822,0.756660295,,F10,0.703061093
2184,,,,,131,1,131,0.750052691,0.916244413,0.803713345,,F11,0.699503128
2045,,,,,132,1,132,0.710525036,0.850176467,0.708042166,,F12,0.659824412
2104,,,,,133,1,133,0.720540047,0.894624801,0.810046207,,F13,0.670737835
2255,,,,,134,1,134,0.735513926,0.781069252,0.598231167,,F14,0.671471523
2169,,,,,135,1,135,0.716224432,0.773149053,0.637780219,,F15,0.624139791
2209,,,,,136,1,136,0.74676466,0.916741817,0.834684,,F16,0.705890001
2243,,,,,137,1,137,0.760419846,0.77310846,0.636960072,,F17,0.63407591
2399,,,,,138,1,138,0.825842142,0.778288935,0.631232327,,F18,0.633026267
2338,,,,,139,1,139,0.753829718,0.84914596,0.71077098,,F19,0.684851226
2325,,,,,140,1,140,0.767724991,0.814354326,0.662240734,,F20,0.673951829
2194,,,,,141,1,141,0.723230839,0.794282946,0.645231291,,F21,0.653502123
2379,,,,,142,1,142,0.761019945,0.779570442,0.608664157,,F22,0.66769095
2307,,,,,143,1,143,0.772973776,0.732436176,0.580040568,,F23,0.616020441
2179,,,,,144,1,144,0.749200821,0.636081979,0.489006036,,F24,0.510524965
1884,,,,,145,1,145,0.666847944,0.758910742,0.758139447,,G01,0.535261184
1659,,,,,146,1,146,0.573487759,1.304630208,1.417878849,,G02,0.78790628
2157,,,,,147,1,147,0.757725954,1.096255239,1.151519069,,G03,0.797327586
2065,,,,,148,1,148,0.726461887,1.019172225,1.00568975,,G04,0.77792951
2365,,,,,149,1,149,0.825471401,1.0451258,1.046751274,,G05,0.782907205
2143,,,,,150,1,150,0.723008156,1.021792537,1.033185345,,G06,0.76456125
2127,,,,,151,1,151,0.742888927,0.89534853,0.758908575,,G07,0.715459655
2385,,,,,152,1,152,0.732161045,0.939243654,0.796572117,,G08,0.774347337
2635,,,,,153,1,153,0.800161362,0.895179572,0.703388543,,G09,0.765627346
2315,,,,,154,1,154,0.782297373,0.876793782,0.729802327,,G10,0.716953527
2428,,,,,155,1,155,0.783102036,0.826846582,0.668782878,,G11,0.691204964
2094,,,,,156,1,156,0.73072505,0.863127732,0.729193556,,G12,0.693367881
2331,,,,,157,1,157,0.769022226,0.780695499,0.629379215,,G13,0.64687675
2183,,,,,158,1,158,0.770336151,0.915215174,0.816985584,,G14,0.705244191
2215,,,,,159,1,159,0.731815338,0.786637708,0.617514418,,G15,0.640173522
2129,,,,,160,1,160,0.728954792,0.818798111,0.660769049,,G16,0.663398966
2179,,,,,161,1,161,0.761532307,0.776014892,0.600690288,,G17,0.642953399
2080,,,,,162,1,162,0.726290941,0.816747343,0.717704629,,G18,0.643089827
2279,,,,,163,1,163,0.756798744,0.816849997,0.658673578,,G19,0.668558762
2237,,,,,164,1,164,0.775637627,0.806960205,0.642917106,,G20,0.64862738
2339,,,,,165,1,165,0.781188965,0.802854719,0.626048389,,G21,0.667611744
2213,,,,,166,1,166,0.778702974,0.793137814,0.672528582,,G22,0.641184721
2087,,,,,167,1,167,0.681602001,0.513084905,0.424620725,,G23,0.36910086
2252,,,,,168,1,168,0.710237265,0.697949225,0.528530237,,G24,0.601298734
2174,,,,,169,1,169,0.729794741,0.859682384,0.748945662,,H01,0.690597077
2082,,,,,170,1,170,0.688100338,0.889870386,0.815170781,,H02,0.683800901
2454,,,,,171,1,171,0.838211298,0.909058116,0.822771052,,H03,0.725135004
2104,,,,,172,1,172,0.711458683,0.862663483,0.733652722,,H04,0.689519459
2324,,,,,173,1,173,0.795688391,0.970636295,0.929245949,,H05,0.734389962
2081,,,,,174,1,174,0.740098476,0.91825136,0.822076169,,H06,0.712416606
2314,,,,,175,1,175,0.757763386,0.867919292,0.732305183,,H07,0.697387968
2160,,,,,176,1,176,0.723796606,0.875253499,0.717011218,,H08,0.70723586
2259,,,,,177,1,177,0.780214548,0.858045382,0.682380905,,H09,0.703112121
2330,,,,,178,1,178,0.775647879,0.871809324,0.776632962,,H10,0.686524623
2033,,,,,179,1,179,0.709471464,0.629258615,0.562314977,,H11,0.425340796
2226,,,,,180,1,180,0.796266794,0.857939515,0.766729343,,H12,0.649542607
2090,,,,,181,1,181,0.722368479,0.765081621,0.606844928,,H13,0.611496571
2358,,,,,182,1,182,0.779296875,0.823026646,0.688962176,,H14,0.645246457
2107,,,,,183,1,183,0.721383333,0.785574878,0.646816276,,H15,0.626959043
2229,,,,,184,1,184,0.75813818,0.828319115,0.685465494,,H16,0.646467625
2279,,,,,185,1,185,0.777994633,0.777242804,0.654701858,,H17,0.618607265
2362,,,,,186,1,186,0.7607584,0.742397368,0.55092892,,H18,0.634733685
2250,,,,,187,1,187,0.722595215,0.761014067,0.575455777,,H19,0.645943141
2232,,,,,188,1,188,0.733295918,0.783712313,0.646887428,,H20,0.647078414
2389,,,,,189,1,189,0.777104855,0.799866859,0.679906945,,H21,0.634191616
2270,,,,,190,1,190,0.77374649,0.819410915,0.663526021,,H22,0.666015498
2164,,,,,191,1,191,0.783088446,0.770539078,0.607310377,,H23,0.628176729
2292,,,,,192,1,192,0.793291569,0.718780171,0.563306372,,H24,0.604047209
1880,,,,,193,1,193,0.640550375,1.057318406,1.071098472,,I01,0.739191217
1475,,,,,194,1,194,0.53477025,1.350270433,1.48455601,,I02,0.747766769
2002,,,,,195,1,195,0.689843655,1.078728373,1.101568381,,I03,0.81004801
2195,,,,,196,1,196,0.762458086,1.092648383,1.118924909,,I04,0.784514467
2273,,,,,197,1,197,0.748125315,1.051770329,1.053727232,,I05,0.781962269
1985,,,,,198,1,198,0.71891427,1.132112902,1.214914782,,I06,0.780689408
2121,,,,,199,1,199,0.793580532,0.981962086,0.900929265,,I07,0.749637015
2273,,,,,200,1,200,0.780765295,0.962983693,0.878725237,,I08,0.734531321
2142,,,,,201,1,201,0.764944792,0.906729381,0.799914617,,I09,0.711925975
2357,,,,,202,1,202,0.797367811,0.918486853,0.811103537,,I10,0.716649266
2267,,,,,203,1,203,0.780583382,0.828587933,0.691373133,,I11,0.673596274
2326,,,,,204,1,204,0.811024904,0.774053999,0.639155558,,I12,0.622874142
2185,,,,,205,1,205,0.751533508,0.7936888,0.637141719,,I13,0.643597066
2002,,,,,206,1,206,0.685508013,0.788180719,0.636701646,,I14,0.642645056
2170,,,,,207,1,207,0.739962101,0.761577038,0.613845704,,I15,0.634092274
2161,,,,,208,1,208,0.741840124,0.835403473,0.708797165,,I16,0.663373951
2134,,,,,209,1,209,0.737133026,0.757803702,0.588703287,,I17,0.627895346
2229,,,,,210,1,210,0.790106058,0.842512848,0.724235654,,I18,0.656091034
2154,,,,,211,1,211,0.703752041,0.790813417,0.645119801,,I19,0.641442351
2184,,,,,212,1,212,0.761191845,0.79478305,0.630302052,,I20,0.659180992
2423,,,,,213,1,213,0.818097115,0.800236526,0.644988698,,I21,0.650853947
2108,,,,,214,1,214,0.757786274,0.864838361,0.750902821,,I22,0.672049152
2350,,,,,215,1,215,0.811438799,0.757404685,0.624565395,,I23,0.605911759
2659,,,,,216,1,216,0.81036377,0.644415213,0.447306248,,I24,0.579078189
2340,,,,,217,1,217,0.806445122,0.930676289,0.841894618,,J01,0.721294698
1988,,,,,218,1,218,0.705630302,1.037503261,1.06549741,,J02,0.74750198
2350,,,,,219,1,219,0.750211716,1.01603827,0.974672487,,J03,0.774490393
2337,,,,,220,1,220,0.768945217,0.943919716,0.845679334,,J04,0.750680835
2519,,,,,221,1,221,0.841493607,1.029312198,0.996761457,,J05,0.794499615
2378,,,,,222,1,222,0.843418837,1.010259198,1.004716645,,J06,0.722718567
2181,,,,,223,1,223,0.756342649,0.971675266,0.878081122,,J07,0.741632227
2459,,,,,224,1,224,0.836812496,0.973329246,0.873242262,,J08,0.746810625
2054,,,,,225,1,225,0.754990816,0.724778753,0.667560697,,J09,0.524034103
1998,,,,,226,1,226,0.720644951,0.661149061,0.555918602,,J10,0.50909248
2251,,,,,227,1,227,0.76968956,0.861553178,0.737277701,,J11,0.676867212
2070,,,,,228,1,228,0.714956522,0.807452905,0.684262329,,J12,0.636211475
2379,,,,,229,1,229,0.854209423,0.898942775,0.771636355,,J13,0.691235076
2270,,,,,230,1,230,0.771589756,0.76239113,0.602527971,,J14,0.652377813
2138,,,,,231,1,231,0.773579121,0.826800304,0.723888544,,J15,0.644962415
2509,,,,,232,1,232,0.81650281,0.802073764,0.613349632,,J16,0.688567385
2204,,,,,233,1,233,0.81516099,0.791541365,0.676637789,,J17,0.633413173
2289,,,,,234,1,234,0.750315905,0.789126215,0.686203741,,J18,0.633087628
2390,,,,,235,1,235,0.768784285,0.739114746,0.541539006,,J19,0.641878045
2250,,,,,236,1,236,0.750442982,0.759749391,0.610847285,,J20,0.611325615
2330,,,,,237,1,237,0.754285812,0.764459063,0.583655918,,J21,0.652559298
2098,,,,,238,1,238,0.736452818,0.760855044,0.595296165,,J22,0.637729823
2347,,,,,239,1,239,0.75458312,0.756748816,0.643131246,,J23,0.609698621
2391,,,,,240,1,240,0.760780334,0.673218882,0.462798695,,J24,0.59237286
1434,,,,,241,1,241,0.505498648,0.788605468,0.775306018,,K01,0.488335235
1089,,,,,242,1,242,0.40714097,1.239793572,1.335768068,,K02,0.723814874
1727,,,,,243,1,243,0.648086548,1.233074857,1.367765753,,K03,0.771158009
2021,,,,,244,1,244,0.693444014,1.111349759,1.173786177,,K04,0.771421484
2318,,,,,245,1,245,0.834365129,1.083875129,1.114613925,,K05,0.777314939
2289,,,,,246,1,246,0.791849852,1.006222149,0.998633185,,K06,0.749919042
2046,,,,,247,1,247,0.747866392,0.793696437,0.74008404,,K07,0.579692021
2295,,,,,248,1,248,0.82345891,0.977457116,0.898650767,,K08,0.747054676
2202,,,,,249,1,249,0.791079283,0.827430988,0.739495828,,K09,0.605630424
2247,,,,,250,1,250,0.81101203,0.862825355,0.744709711,,K10,0.667950364
2372,,,,,251,1,251,0.829768896,0.973833284,0.895043913,,K11,0.721311044
2256,,,,,252,1,252,0.804994583,0.943877593,0.845449851,,K12,0.716673243
2274,,,,,253,1,253,0.777584791,0.841882526,0.692393546,,K13,0.698147193
2336,,,,,254,1,254,0.804427385,0.810458276,0.60916857,,K14,0.6925021
2491,,,,,255,1,255,0.844691992,0.879793609,0.735542348,,K15,0.702960837
2431,,,,,256,1,256,0.843052626,0.898245486,0.812097881,,K16,0.694127073
2188,,,,,257,1,257,0.756290674,0.779220654,0.626861729,,K17,0.643395142
2335,,,,,258,1,258,0.779005527,0.811288202,0.666416533,,K18,0.674456165
2296,,,,,259,1,259,0.774667025,0.89170734,0.772396144,,K19,0.706483177
2108,,,,,260,1,260,0.705893517,0.849405319,0.730814438,,K20,0.694971514
2298,,,,,261,1,261,0.764520407,0.814707803,0.658636681,,K21,0.677871382
2227,,,,,262,1,262,0.792836666,0.846606316,0.688352074,,K22,0.685102701
2469,,,,,263,1,263,0.841943502,0.791762398,0.637038391,,K23,0.646913143
2340,,,,,264,1,264,0.698415756,0.679655676,0.45724987,,K24,0.592146409
1788,,,,,265,1,265,0.646892071,1.217030204,1.310632286,,L01,0.738357898
1678,,,,,266,1,266,0.573754549,1.268107267,1.382115639,,L02,0.78583235
2196,,,,,267,1,267,0.791015148,1.213398374,1.323987129,,L03,0.819678331
2150,,,,,268,1,268,0.75077343,1.215624821,1.334083084,,L04,0.797829846
2151,,,,,269,1,269,0.742740154,1.088243887,1.137052349,,L05,0.7824023
2022,,,,,270,1,270,0.734432936,1.065108259,1.106290243,,L06,0.739631118
2256,,,,,271,1,271,0.761360645,1.010747934,0.976071342,,L07,0.766824543
2226,,,,,272,1,272,0.789484978,1.020378242,1.008549229,,L08,0.742846966
2401,,,,,273,1,273,0.831200838,1.069892809,1.081641431,,L09,0.797978517
2167,,,,,274,1,274,0.74178195,0.96727473,0.903731132,,L10,0.747895753
2347,,,,,275,1,275,0.823741198,0.926729661,0.79161801,,L11,0.710800129
2483,,,,,276,1,276,0.830687761,0.927086779,0.80504189,,L12,0.734226681
2206,,,,,277,1,277,0.750978708,0.861612276,0.716721075,,L13,0.690139201
2249,,,,,278,1,278,0.779059649,0.850837063,0.676888117,,L14,0.696393873
2324,,,,,279,1,279,0.813177824,0.899231502,0.742755233,,L15,0.715789733
2205,,,,,280,1,280,0.794147015,0.88102413,0.762063101,,L16,0.688845542
2191,,,,,281,1,281,0.736519098,0.748859666,0.57187348,,L17,0.645060113
2265,,,,,282,1,282,0.79300046,0.828352977,0.686912381,,L18,0.673883237
2424,,,,,283,1,283,0.829943895,0.820613174,0.606390159,,L19,0.704382084
2466,,,,,284,1,284,0.788620234,0.850706768,0.717435082,,L20,0.696973408
2374,,,,,285,1,285,0.787197828,0.820133872,0.681452627,,L21,0.673907047
2538,,,,,286,1,286,0.798159599,0.888116442,0.759304525,,L22,0.732882185
2135,,,,,287,1,287,0.738979816,0.798630707,0.655710145,,L23,0.647835141
2342,,,,,288,1,288,0.785944223,0.697423994,0.562688454,,L24,0.561614646
1884,,,,,289,1,289,0.675035238,1.191536621,1.30210625,,M01,0.800408389
2036,,,,,290,1,290,0.683125734,1.043528067,0.996273688,,M02,0.801613082
2000,,,,,291,1,291,0.722450495,1.068589798,1.120124576,,M03,0.754671243
2336,,,,,292,1,292,0.793074369,1.07752987,1.07918862,,M04,0.799667277
2410,,,,,293,1,293,0.848797321,1.052736853,1.103275345,,M05,0.753560744
2293,,,,,294,1,294,0.80672884,0.911710797,0.833162168,,M06,0.709905066
2318,,,,,295,1,295,0.802822828,0.976450338,0.928291894,,M07,0.73684326
2071,,,,,296,1,296,0.749847174,0.97984694,0.925461701,,M08,0.733494324
2169,,,,,297,1,297,0.705829382,0.902415501,0.775679148,,M09,0.70332617
2436,,,,,298,1,298,0.819990635,0.850404564,0.671039787,,M10,0.706879049
2213,,,,,299,1,299,0.811159134,0.875986422,0.740694208,,M11,0.693006414
2435,,,,,300,1,300,0.819598913,0.814884462,0.689189593,,M12,0.653441219
2226,,,,,301,1,301,0.735626936,0.839211203,0.655332149,,M13,0.703847023
2388,,,,,302,1,302,0.811896324,0.879081753,0.768871267,,M14,0.703666268
2331,,,,,303,1,303,0.815758228,0.886751927,0.798090786,,M15,0.694256467
2185,,,,,304,1,304,0.776809931,0.831756713,0.688633315,,M16,0.685566584
2244,,,,,305,1,305,0.777736664,0.897570422,0.765818427,,M17,0.707523946
2243,,,,,306,1,306,0.771126032,0.76875445,0.56603275,,M18,0.664804589
2293,,,,,307,1,307,0.814983368,0.78285325,0.572752277,,M19,0.669792363
2335,,,,,308,1,308,0.814833641,0.939564308,0.876653362,,M20,0.712900495
2229,,,,,309,1,309,0.750573874,0.819615752,0.662769655,,M21,0.687726906
2227,,,,,310,1,310,0.742674828,0.759878441,0.592411329,,M22,0.62953324
2288,,,,,311,1,311,0.775936127,0.795455569,0.641815687,,M23,0.658673756
2505,,,,,312,1,312,0.812796593,0.732501393,0.576951057,,M24,0.616897672
1121,,,,,313,1,313,0.367553234,0.047465122,0.042458543,,N01,0.022390533
957,,,,,314,1,314,0.322961807,0.044649149,0.042066484,,N02,0.014551778
2279,,,,,315,1,315,0.812495232,0.06130277,0.049053233,,N03,0.029199764
2338,,,,,316,1,316,0.801173687,0.062118721,0.048090756,,N04,0.031428018
2402,,,,,317,1,317,0.881609917,0.31736242,0.152138024,,N05,0.316694319
2245,,,,,318,1,318,0.826851368,0.299459761,0.138510955,,N06,0.318996461
2450,,,,,319,1,319,0.850506783,0.67858942,0.464718552,,N07,0.599286635
2377,,,,,320,1,320,0.841145992,0.610350365,0.407327337,,N08,0.555343513
2199,,,,,321,1,321,0.812836409,0.978587606,0.986899117,,N09,0.712935099
2352,,,,,322,1,322,0.823192358,0.719630891,0.526107694,,N10,0.619366453
2307,,,,,323,1,323,0.794604301,0.915592577,0.830988838,,N11,0.704648068
2209,,,,,324,1,324,0.785556316,0.795767109,0.610257204,,N12,0.671198482
2456,,,,,325,1,325,0.852076292,0.909144498,0.815752126,,N13,0.710111623
2254,,,,,326,1,326,0.786669016,0.801315614,0.662110343,,N14,0.668383266
2304,,,,,327,1,327,0.786873579,0.860400899,0.681652865,,N15,0.714880051
2232,,,,,328,1,328,0.785179377,0.861359539,0.753732945,,N16,0.665202842
2336,,,,,329,1,329,0.807421684,0.87198066,0.762146509,,N17,0.694274026
2324,,,,,330,1,330,0.786528111,0.763182959,0.596680176,,N18,0.623402671
2338,,,,,331,1,331,0.777991295,0.914217404,0.810585691,,N19,0.723799305
2278,,,,,332,1,332,0.833601713,0.751455123,0.65002446,,N20,0.593408411
2447,,,,,333,1,333,0.839982271,0.870734733,0.752597796,,N21,0.713021488
2140,,,,,334,1,334,0.721128225,0.839951964,0.669172446,,N22,0.694019462
2470,,,,,335,1,335,0.807561636,0.761544263,0.620476095,,N23,0.624558586
2193,,,,,336,1,336,0.773345232,0.71274527,0.531708212,,N24,0.614388319
2250,,,,,337,1,337,0.808764935,1.432914265,1.541534251,,O01,0.970362235
2054,,,,,338,1,338,0.678385735,1.369972875,1.367209521,,O02,1.047018823
2506,,,,,339,1,339,0.798872232,1.402772349,1.52491463,,O03,1.036844277
2327,,,,,340,1,340,0.766038895,1.361671651,1.464676601,,O04,0.969881602
2419,,,,,341,1,341,0.841521502,1.384080389,1.559054164,,O05,0.915204664
2369,,,,,342,1,342,0.78455925,1.234460211,1.359553646,,O06,0.897401207
2269,,,,,343,1,343,0.794397831,1.298965605,1.433880069,,O07,0.900673646
2261,,,,,344,1,344,0.770087004,1.002771212,0.989796123,,O08,0.73418541
2437,,,,,345,1,345,0.833626509,1.137954288,1.12936709,,O09,0.883317102
2368,,,,,346,1,346,0.791414499,1.062759045,0.98989442,,O10,0.803722126
2312,,,,,347,1,347,0.830442667,1.076107208,1.090759263,,O11,0.78133073
2148,,,,,348,1,348,0.743240118,0.873499146,0.714484131,,O12,0.702082258
2295,,,,,349,1,349,0.800800323,1.054631754,1.031527807,,O13,0.7859943
2207,,,,,350,1,350,0.768607616,0.930690999,0.817451324,,O14,0.714727527
2307,,,,,351,1,351,0.825994492,1.012789687,0.939800649,,O15,0.773862719
2440,,,,,352,1,352,0.835058928,0.85847722,0.709666508,,O16,0.711184217
2249,,,,,353,1,353,0.841067791,0.942535716,0.84464617,,O17,0.705305347
2407,,,,,354,1,354,0.857205153,0.778482077,0.661318426,,O18,0.595912814
2414,,,,,355,1,355,0.814347744,0.938727246,0.817463079,,O19,0.744847943
2331,,,,,356,1,356,0.829919577,0.896895573,0.835286129,,O20,0.692043661
2280,,,,,357,1,357,0.791299582,0.914921371,0.854199918,,O21,0.697007409
2163,,,,,358,1,358,0.793616772,0.627709257,0.561257566,,O22,0.454300808
2398,,,,,359,1,359,0.847256899,0.886524146,0.764377619,,O23,0.688324274
2341,,,,,360,1,360,0.798933268,0.69741385,0.51839732,,O24,0.586348744
2183,,,,,361,1,361,0.905368328,0.422094693,0.180869263,,P01,0.435703565
2050,,,,,362,1,362,0.797865152,0.371139577,0.15921236,,P02,0.377438359
2387,,,,,363,1,363,0.908026695,0.513616323,0.248241714,,P03,0.5129009
2500,,,,,364,1,364,0.88337779,0.469266493,0.185499785,,P04,0.506739569
2416,,,,,365,1,365,0.817780018,0.655197045,0.378224995,,P05,0.60508988
2400,,,,,366,1,366,0.841012478,0.630193291,0.387561058,,P06,0.596609255
2358,,,,,367,1,367,0.816388369,0.805386533,0.652146727,,P07,0.674449418
2550,,,,,368,1,368,0.880959988,0.84563042,0.681176507,,P08,0.717036088
2458,,,,,369,1,369,0.834078789,0.811577775,0.651777325,,P09,0.685402136
2456,,,,,370,1,370,0.853517056,0.834084782,0.684614345,,P10,0.674564882
2436,,,,,371,1,371,0.836583138,0.907677267,0.848738615,,P11,0.703225964
2486,,,,,372,1,372,0.863308668,0.865285535,0.765722653,,P12,0.681326735
2411,,,,,373,1,373,0.867234468,1.049055981,1.047193854,,P13,0.772826443
2355,,,,,374,1,374,0.819547176,0.841963221,0.710260906,,P14,0.677819029
2495,,,,,375,1,375,0.871062994,0.903003908,0.795696234,,P15,0.717172814
2425,,,,,376,1,376,0.837399483,0.845816892,0.672612702,,P16,0.686991357
2389,,,,,377,1,377,0.828168631,0.9144276,0.840925064,,P17,0.724294297
2365,,,,,378,1,378,0.832378149,0.737548328,0.58688717,,P18,0.613225867
2517,,,,,379,1,379,0.845334768,0.874546354,0.75526348,,P19,0.705807669
2532,,,,,380,1,380,0.844591379,0.795281597,0.603628127,,P20,0.675148558
2309,,,,,381,1,381,0.834121227,0.817555762,0.716842461,,P21,0.642215243
2578,,,,,382,1,382,0.87206316,0.775219754,0.632931831,,P22,0.642506272
2296,,,,,383,1,383,0.761497259,0.870851184,0.793726448,,P23,0.683444567
2344,,,,,384,1,384,0.78488493,0.644861616,0.582681877,,P24,0.49347741
